image_id,landmark_id,country_name
fd1a404e12754adb.jpg,63593,Brazil
fd9d25340476f2de.jpg,25847,China
ff5c1a16364623dc.jpg,3046,Thailand
ff3018b348de7ca0.jpg,116462,Ukraine
fc175330cbd474f2.jpg,136847,Spain
fdd11bd2f9f4c451.jpg,117783,France
feabf9a114b2cf5d.jpg,110276,Spain
fd7d661ecb5cca40.jpg,56090,Thailand
f624bd7e5593603c.jpg,23060,Spain
fddd2987932ab309.jpg,29537,United States
fffc4e66ca293a16.jpg,81702,Germany
fff128b9ff71dae6.jpg,192903,South Korea
fc9b2fc17c5c3a00.jpg,120768,United Kingdom
ff4e6d036335d0c9.jpg,108129,Italy
fc7d03d49a3ac9a0.jpg,140818,Romania
fcb5456ee394dc94.jpg,37644,United States
ff5d957ebeec920d.jpg,36691,United Kingdom
fb21229bca1e2fcd.jpg,78156,United Kingdom
fc0d9bf494da2e7c.jpg,101946,Israel
ff26fc08ba46f1e3.jpg,45887,Slovenia
fea017909275405b.jpg,43210,Spain
ff217f790259ef1b.jpg,25109,Belgium
f9d4085988b767f9.jpg,115903,Slovakia
f8a301f481716e3f.jpg,121759,France
fe3aa53dfdd19cb8.jpg,161893,Russia
fdbee6bfd0c08c71.jpg,158753,Israel
ff932d9a95686081.jpg,55177,Canada
fa028f3500337662.jpg,114791,India
ff125380192a0019.jpg,169468,Canada
fd114c9cdbd82e06.jpg,148300,Sweden
ff9988b1f5479361.jpg,88124,United Kingdom
fc7df4fb70affbc6.jpg,71094,United States
fb77f282cc2497a0.jpg,97834,Brazil
fe2b96ba5b4f13e0.jpg,50920,Czechia
ff164e5f7e3738d3.jpg,29367,France
ffe0ae37a827f421.jpg,16217,United Kingdom
fdfc284b76fa5a6a.jpg,8170,Russia
ff482d8be58875a4.jpg,111100,South Africa
fd4c10bd14863bc5.jpg,178490,United Kingdom
fede4925962971eb.jpg,174877,Japan
fc061d2db655baa0.jpg,156021,Italy
fcab46338bfc51a8.jpg,136221,Netherlands
ff32b14a26207797.jpg,79867,United States
fda16939d4e6f10a.jpg,80133,Russia
f2a0a51aa5936abc.jpg,96653,Russia
fcfccd430285e8b1.jpg,57459,Romania
fcaf7f2e8af1edda.jpg,40276,China
f9f995ca7f7b506a.jpg,31833,United States
fb690bafbad19b45.jpg,5188,Syria
fee266fc463e47a7.jpg,2957,Ukraine
f897e64bbf38eea2.jpg,201306,United States
fb62f2bb1310ab5d.jpg,101318,Germany
fcfee3e50b5857d4.jpg,167549,Israel
fe7c46dda6205d06.jpg,163919,United Kingdom
fff8e5168b09d446.jpg,123509,Poland
fd38a68af78a4a1c.jpg,84147,Germany
fb49455a601cc2c2.jpg,73102,Germany
ffaa548a86d35838.jpg,44958,France
fc76d51f7d10e1bc.jpg,165500,Germany
fe2829dd05db6366.jpg,147844,Portugal
ff0613140e1b9c43.jpg,145069,Poland
faaaf01e2e98e4e0.jpg,110505,France
fe3bf10679c71a0f.jpg,30533,Israel
f852e67846fd5bd1.jpg,64325,Egypt
ff93d3d2c2008d9c.jpg,28949,France
ff4c6172679c51a2.jpg,27526,Poland
fb0647fc9fff175c.jpg,11373,Bulgaria
fde643147677b465.jpg,61067,Belgium
fd67aeee69cd3414.jpg,201953,Ireland
fe47865ca037c7f6.jpg,197579,Czechia
fe0140dee314bed2.jpg,178870,France
fda491a6083ed1d0.jpg,170373,United Kingdom
fca16b97cea9c77a.jpg,149007,Palestinian Territories
fc7bf5834b832bbe.jpg,145543,Netherlands
fae925b32faeddac.jpg,143667,Spain
fe2e122a330430a0.jpg,120023,Canada
fbacde760b889f1e.jpg,71197,Israel
fbf9286c335cc90a.jpg,48524,Germany
fe8685ef8cdb830c.jpg,22868,Portugal
fe454ec1d91c8418.jpg,106969,United States
fe4da70b2d59981c.jpg,156009,United States
ffbc7a7a64518e39.jpg,139982,Netherlands
ff589a9fda00bd3e.jpg,130533,Japan
fcba79f81ae64e42.jpg,111774,United Kingdom
fba86bdfac2d3eed.jpg,56859,Germany
feda8884b9f4a441.jpg,75684,Netherlands
f9aa87054f545dc5.jpg,38357,Poland
fbc069f202fd4625.jpg,35782,Panama
ff78d89fe709681e.jpg,32864,United States
ffe9fc1de3b47e7d.jpg,10331,Netherlands
ff6f113a6ac95f9a.jpg,7053,India
fc33614dd541ca59.jpg,6529,Thailand
fd4a8d171b401626.jpg,130386,Italy
fbcd3b07a716b8a0.jpg,83552,France
fc788a7adcf7ef57.jpg,201554,Malta
fd4c9a62afeb66a3.jpg,104757,United Kingdom
fec5b7379a50ef56.jpg,118331,Myanmar
ff17d4ca4fa8738f.jpg,68192,Ukraine
f94dacb1147a8619.jpg,11614,Switzerland
fecc097d494ede98.jpg,31800,Italy
ff298834bbe03763.jpg,28986,Germany
fce24c18ab0661ff.jpg,341,Russia
ff2754dc38210fe9.jpg,91799,Brazil
fed2a8b6abe3297d.jpg,96567,Italy
fead17cfbf1bedbd.jpg,155532,United Kingdom
fc45e4d3e017ef49.jpg,199613,Spain
fdbf751ffc688f45.jpg,144355,China
fb663199b7a35cae.jpg,170229,United States
ff7c082686bee580.jpg,99515,United States
fc2cc4a7f3afe7da.jpg,99266,Romania
fe241b3d9e8be2c9.jpg,120556,Italy
ff9220bc6f413ea2.jpg,33555,United Kingdom
ffaf04dcd8c851d8.jpg,28040,United States
fcaaf50ba508514d.jpg,8627,Estonia
ff8853fc56e43cf3.jpg,6551,Mexico
ffb8331dd2ac2113.jpg,139557,Germany
f996809f4a740069.jpg,136090,Romania
f2f4d17d12d39d40.jpg,111779,Belgium
fe4ae77eee68523d.jpg,107494,Laos
ffc8bac37b3737c5.jpg,97548,Portugal
fda255d8eff6da8e.jpg,96325,France
f854590b5c1272c0.jpg,32493,Spain
fc83ed9be5eef80a.jpg,44486,France
f986c7fe072255d9.jpg,73455,Poland
fd25719effd9f151.jpg,30172,Japan
fe5edefaef640adc.jpg,27428,United Kingdom
ff4195b9f0566fe9.jpg,20026,Mexico
ffab7a6cd9c36390.jpg,15688,United Kingdom
fe8e4c1bf086ccdb.jpg,11477,Georgia
fd9b355b746ccb7c.jpg,114646,Hungary
fd32ca7c14970989.jpg,136359,Mexico
fdf8113b9c32a869.jpg,81789,France
fedfb95e0cc782a9.jpg,98900,Netherlands
ff99b32a08b6e1e4.jpg,43695,Russia
ffc208c00bf960e3.jpg,198674,Italy
fc5ed3ac0a909daf.jpg,198451,Taiwan
ff518a4f3d5f13ba.jpg,172700,China
fe0e53e876bd06cc.jpg,67933,Poland
ff1e8a707031dd56.jpg,36134,Russia
fc6209453a9153d9.jpg,15968,Canada
fd06547ca67e7510.jpg,2093,United States
fff77b7b08bd058b.jpg,190972,Bulgaria
fe1e8093eb3d1361.jpg,186586,United Kingdom
fbbc94e04213a94a.jpg,146341,Italy
fea4b8e0f2405696.jpg,154583,Slovakia
fe0acb502e495e64.jpg,74274,Poland
feadfbe4b89d8f0c.jpg,36450,Poland
ffd175f3ed63d34c.jpg,26566,Poland
fe01615aa0a4cd36.jpg,172357,Belgium
fee97650eb92a0f7.jpg,151254,Poland
f7cb0634dda3fc92.jpg,136140,Belgium
fe8b495233a1f15a.jpg,43568,France
fc55ec62ad6aa767.jpg,29560,Germany
ff4e60111fa20f39.jpg,15646,Italy
ff73f52e3f278bbf.jpg,112009,Russia
fd701fc5ac8f3abb.jpg,2361,Netherlands
ff74694bc2fe3621.jpg,112612,Latvia
f9a61eafae0fdb41.jpg,147745,Spain
faca161e586a14e5.jpg,56986,France
fd6e77a4f44559c2.jpg,91284,United Kingdom
ff61b903361d5777.jpg,46338,Bangladesh
fd1838d8967c8619.jpg,28366,United Kingdom
f9916e186387349b.jpg,21923,Spain
fa26b944a34b8724.jpg,6946,Romania
fab4f3ce35de1c05.jpg,198124,Ireland
ff12f51bf1ffbbc4.jpg,180308,Brazil
fc2f1604b938ae84.jpg,145978,Israel
fe0b538bf47518fc.jpg,59864,Belgium
fed24667f2e9658e.jpg,83972,Germany
fb26a5e618d86278.jpg,51151,Czechia
ff211a8b29f694b3.jpg,5605,Luxembourg
fde2ca8e703858b3.jpg,7065,Netherlands
feb7c282ea6a1cf9.jpg,18987,United Kingdom
fe18089f57b0d0e2.jpg,26687,Italy
e9ee707ef153568a.jpg,29263,United States
fb0a1c7cdd41686e.jpg,29583,Germany
fe2352b9c91ef3d3.jpg,160557,United Kingdom
ffbc1a7f456f9d6d.jpg,183422,Germany
fcc7d415f2835613.jpg,189000,Poland
fd3063cf62241e03.jpg,198047,Germany
fc12fb6e00a5dabd.jpg,132829,United Kingdom
fc16207ba4699926.jpg,150056,Georgia
fd0a400335dbe587.jpg,155995,Russia
fa8d16227e5fe19b.jpg,55007,Czechia
fb0dcae11eb7571e.jpg,56881,Belgium
fb2602ae3f466b1f.jpg,63316,Switzerland
ff1ca1267ca4d06f.jpg,34930,China
fbfd0187e2d2265e.jpg,30443,France
feb184820736c909.jpg,156278,Russia
fbb8abc10439f0fc.jpg,154670,France
f9d073b3dfe431e1.jpg,145134,Italy
febc817451e0d2dd.jpg,77417,France
fdec4d26a6787e80.jpg,72759,France
fe5813f0dfb6869e.jpg,53632,United States
ff133b9a15bd686a.jpg,198849,Spain
fbd23bfeb09f46f8.jpg,190665,Czechia
fcc812f9ad12d373.jpg,65268,United States
fad6cb9637dc9ca5.jpg,87532,United States
fff73c21a6c98f8a.jpg,93975,United States
ff181c170b1c38b2.jpg,10503,Kosovo
fb17bfbf0d43c536.jpg,85928,United States
ffc82a1359868ba3.jpg,153069,China
ffc25f9824b22428.jpg,183192,Azerbaijan
fd96af3b7faa21d9.jpg,189915,Canada
f9e4211bc228e4d9.jpg,113312,Poland
fc589b78573516d9.jpg,142465,Vietnam
ff66df6580c25460.jpg,127766,Czechia
fca2b65705f855e3.jpg,120553,Ireland
ff9b8f5205dcbdd0.jpg,124913,Germany
ffdf627ea97ed137.jpg,127072,Japan
fd332c3ea0f85731.jpg,48177,France
f9711697d1174c26.jpg,51258,Bulgaria
fe28e8f951fc9bad.jpg,53617,United Kingdom
fc066ebb05e15561.jpg,97342,United States
ffb38110665e4962.jpg,105274,Netherlands
ff99939ebca6fd44.jpg,11889,Denmark
fed6b842d9e1d1ec.jpg,117819,Czechia
ff3cfbe6f734a4f3.jpg,176805,United Kingdom
ff879a5e572aab15.jpg,184566,Netherlands
f83b5b76781f35c7.jpg,189371,Italy
f7efd6f200e511ef.jpg,143533,Belgium
fc842b1f190119dc.jpg,131955,Russia
fb38da38558ab5e6.jpg,127358,Netherlands
fc8cb2022f541ed8.jpg,149054,Italy
febc6fbf3a082f58.jpg,150849,Czechia
f87d8531131c15e7.jpg,150998,United States
fdfc608c597c0e95.jpg,69089,Italy
ffd6a47c83a9828b.jpg,100634,Poland
fbd2a1d6db23a7a4.jpg,163307,Italy
fcbb61145f8914f4.jpg,148970,United Kingdom
faf48baee96c1b12.jpg,126058,Germany
f8a3324f8c28da54.jpg,110863,Spain
ff78be2c40652323.jpg,145120,United States
ff54d57a9d8a6ff1.jpg,81728,Germany
fe0efb4402e1d259.jpg,82668,India
fceb5daadf6294fc.jpg,70730,Netherlands
ffca6adff6ee03d5.jpg,75319,Mexico
ee84190d42dd57a9.jpg,70686,France
f5268ba57589a509.jpg,32432,France
fdf53694fa58e74d.jpg,20516,France
f891f52eebc2c368.jpg,13047,United Kingdom
fc0650cf67f44b11.jpg,12477,France
fec957f45f1cd04d.jpg,6286,Malta
ff903b75dc1c73ed.jpg,86108,Brazil
fc2b0ff20e548477.jpg,115124,Canada
fa494d005a2a7a11.jpg,158991,Germany
ff074b3f839b5d07.jpg,176349,United Kingdom
fe2135a7f670972e.jpg,123528,Poland
fa6982517969237c.jpg,147365,United Kingdom
feaa301e3e0a9a97.jpg,124309,Russia
f863f7fadf0d631f.jpg,120749,Romania
fe9fdf5e24b8cf60.jpg,132567,United Kingdom
f932cc90c2bf7df2.jpg,144593,France
fe8469182dab2f32.jpg,104175,Russia
f60b0e4c0a542f29.jpg,96520,United Kingdom
fbcd03afcd648f2b.jpg,102154,Tunisia
ffd462ed8db05ca0.jpg,108757,Mexico
fdb8dfe02aba017c.jpg,61054,Poland
ff578f17f4779048.jpg,109880,Czechia
ff3f513b1741f538.jpg,1776,Germany
ffd56f32f45945b9.jpg,9640,Switzerland
feea18e8f397cdaf.jpg,36012,United Kingdom
fc2bfe64c6a4619f.jpg,56622,Spain
f84fc7accf00249d.jpg,111663,United States
fa66410286e007b5.jpg,164154,Malaysia
fe6cb3cc41229de0.jpg,176036,Serbia
fe0d33075b173cca.jpg,192505,Sweden
fd76f8dec60c9dc5.jpg,158054,Mexico
ff89def8340638b3.jpg,152071,North Macedonia
fc64327acf05b648.jpg,146749,Netherlands
fcac3ac0328933f1.jpg,69627,Germany
fff5878aca4937f6.jpg,94764,United Kingdom
ff046de7cb0d0785.jpg,66271,Brazil
fe919c0f30fbdd3b.jpg,36882,Netherlands
ff0049fe98b2d27b.jpg,37113,France
fff130b354371359.jpg,111859,Germany
fef42eb8e29b7dad.jpg,169594,Laos
ffbcffd02cffbcb5.jpg,198351,United Kingdom
fd23df1f19b10f8c.jpg,153033,Germany
fd40b8007ffa286f.jpg,121165,Brazil
ea94dc720cb762ce.jpg,145268,France
fec064a887f3f176.jpg,138395,Israel
fe660cc1d89b1d7d.jpg,138599,United States
fc9d2ee0a0ae73d6.jpg,57175,United Kingdom
fdda9a93860df9ce.jpg,93683,Italy
ff099036fcacfa56.jpg,103831,Spain
fe9220a75cf1cad8.jpg,51198,Israel
fd95d6c850108235.jpg,17222,North Macedonia
fa7f452db9099e6c.jpg,31508,Chile
fafb167e418f63fc.jpg,116117,Vatican City
f45329a1b3af8d2a.jpg,175254,United States
f7493ad12fcc77ca.jpg,181082,France
fff4fdc0f3a83e25.jpg,117528,Italy
fbc85b0bc9972304.jpg,130520,Germany
ff022ef9c8878208.jpg,136712,Poland
ff32fab5cea1bae4.jpg,152730,Ireland
fe172cdff43afd57.jpg,166107,United States
ff83200b37c23ba1.jpg,52938,France
fffe3d79b6c9bb81.jpg,47157,Sweden
ffc3db3ea455c6e0.jpg,48319,Philippines
fb1a9b3a3688b9fc.jpg,43192,Australia
fd52668d31db3f82.jpg,59853,Germany
fae2d4a7358a84ff.jpg,36158,Ukraine
fff86d9a6416a815.jpg,12679,Japan
fc7ff80acd6b4876.jpg,77112,Egypt
fbbfcf25427e47c8.jpg,3578,Austria
fe91d4e2d5ff2ff3.jpg,9052,Malta
ff74b52512160b25.jpg,22629,India
fddd8d70ab0b3351.jpg,34896,Spain
feee2bae025d9079.jpg,22877,Australia
ff75076e45de9d0b.jpg,153412,Netherlands
f952c8b5141003f7.jpg,153700,United States
faa1c462796b3b4d.jpg,157170,India
fdfd0975986f145c.jpg,188647,Czechia
ffb9231c4f898cf0.jpg,201462,Poland
ff647ff2dc101bbe.jpg,170774,Poland
fef1f1212fe7f9f2.jpg,139808,Ireland
fd9940988f72ab1e.jpg,135613,United States
fad0e1b9b8507050.jpg,57897,United States
fe3c7149ef0ee9c6.jpg,83247,Netherlands
ff3250824964f5a4.jpg,93521,United Kingdom
fc5e0ac7030068b8.jpg,96524,Germany
f9765ae7d7d3b75d.jpg,104916,Austria
fa801cf8f2350960.jpg,57195,United Kingdom
fffeb227421ee4e6.jpg,26124,United States
fe982696414a4827.jpg,53929,China
ffdaf1560550c462.jpg,36279,Netherlands
f9d4848863f20342.jpg,37046,France
ff1f62f17c6703e3.jpg,108023,Mexico
fe14cd5060f481a9.jpg,171117,Czechia
f60d551e0bd0555e.jpg,173556,France
fff7eae4b21fa479.jpg,138906,Ireland
ff671774e9fe0643.jpg,133119,Germany
ffdb14ee604f9aba.jpg,52853,United Kingdom
fef8fac842ec1979.jpg,61009,Malta
fe61967f515fa0e2.jpg,8078,United Kingdom
fed3df32b0249556.jpg,9745,Germany
f95c14a161f1af95.jpg,20679,Italy
ffb5ee2b5ee139b6.jpg,26516,United Kingdom
fed7665a57d3a217.jpg,147078,Czechia
fe4786b8f332ef77.jpg,171091,United Kingdom
fde60c471a9411d3.jpg,98917,Germany
fa2b8c6ddc77bb2e.jpg,109170,Taiwan
ef1ca6e4ff13f489.jpg,81428,Japan
f0ec67949d522912.jpg,57915,Germany
f4bdbc1fc6244465.jpg,53119,France
fa9035fb19cca890.jpg,103104,United States
ff65f920fd189c8a.jpg,100280,United States
ff96a904ec35017e.jpg,108218,Germany
ffedf4235f0101b0.jpg,48570,Romania
fd7d95387550e224.jpg,2147,Italy
fe735253add7603c.jpg,2202,Japan
ff87fd3158238d63.jpg,2349,United States
f975e62331ed230a.jpg,5108,Netherlands
ffc9d92b5a72ba4a.jpg,46609,Czechia
f81dc20f4e315c28.jpg,195909,Russia
ffaad6f824cd543b.jpg,118450,Italy
fef89b214efec0ca.jpg,119367,China
f92493617d166cc5.jpg,128958,Russia
fd2e12a0eee07fe9.jpg,133490,Austria
f9b8a27c7bb966a7.jpg,137656,Chile
f748ba72ec35350b.jpg,51242,Russia
fd4aac41ab013821.jpg,49243,Russia
fd8cf638ed04d7b9.jpg,61864,Spain
fd188ce706c094a5.jpg,86026,United States
fed9bc3b966b3026.jpg,75322,France
fd582768a7ccc491.jpg,21103,Germany
fa2ab9c09c8d3a50.jpg,33554,Portugal
fbb2b4d956972774.jpg,39970,United States
fda31a0b069e07e0.jpg,87461,Italy
ff5be640a6576132.jpg,164061,Italy
fec9dc01ed4d7ea5.jpg,170792,Iran
fbce7f5243969f3b.jpg,128606,Netherlands
f811daf7fc785515.jpg,101236,United States
ff572bf6d27389aa.jpg,141715,Ukraine
fe015f49a05ce9cd.jpg,56536,China
fc511c52eecbb486.jpg,54633,Poland
fd190574f8251479.jpg,67557,United States
fea9be99fd654fe2.jpg,71977,France
faa5fee648b7b07a.jpg,85374,Netherlands
ff4185d2ae2a358f.jpg,41991,Germany
f93243faed06edcf.jpg,1287,Spain
ff48d311ac8d0e68.jpg,15833,Poland
fbe7622b26f8d960.jpg,16840,Bulgaria
f8c112ab4e690ebe.jpg,26841,United Kingdom
ff85821354d23468.jpg,188681,Poland
ff191e33b12b6ef6.jpg,107374,Ukraine
ff0a2ee55c67900f.jpg,153031,Spain
fd7f1a405eaea153.jpg,139996,Germany
fd289d73609a5934.jpg,138598,Germany
fd70594d08253502.jpg,54157,Russia
fa0f3c418a7e0ddc.jpg,84853,Spain
fd50a0fc9e7024ec.jpg,98136,Germany
fdbf5f4ead9f9423.jpg,21315,Czechia
fc3d4d1c37861a80.jpg,3887,United Kingdom
fb414c67e0ec9b44.jpg,12844,United Kingdom
fac32e85560ce146.jpg,13628,Germany
fdbe6580fc4ed02c.jpg,35793,United Kingdom
fe0e46d5f63dd165.jpg,178472,Romania
ff8234cd0f6cb1a3.jpg,191978,United Kingdom
febb6f5265e6fad3.jpg,193358,Brazil
fa25b974b40a56fd.jpg,163958,Germany
f9223bfcd09ad712.jpg,200475,France
ff082e6f5309cdff.jpg,129115,Serbia
fce42cf57f5a2a6d.jpg,161512,Serbia
fec7b6da72482bd6.jpg,137167,Norway
fbb531a46600e749.jpg,73231,Portugal
fa43a38f4ee4d346.jpg,101241,Russia
fb461448970f08eb.jpg,99392,Turkey
ffdb8d523e92f60c.jpg,873,India
fe78ce0d1047a00a.jpg,41120,India
fdad4966dd9f555e.jpg,168772,Czechia
f7f6265027493b61.jpg,170004,United Kingdom
f758675597db4ac6.jpg,171355,Greece
f94090e75e03dfce.jpg,177586,United Kingdom
f1312f328878e684.jpg,178514,Switzerland
f8e0e24bd35eb0a3.jpg,181083,Hungary
faea31e6ad6c38ca.jpg,188952,Portugal
ffd022b777358a7e.jpg,201130,Mexico
ffcfc860d7e887ad.jpg,202289,Russia
ff59795836f8dd1e.jpg,105472,India
fc63f9d00ff9aa4e.jpg,126255,France
fdc20600ea1308af.jpg,51744,North Macedonia
fb22338aef76451e.jpg,45173,United States
fd7ee9010792f4f3.jpg,83160,Finland
fece0a17c3abf59b.jpg,83189,Australia
ffbc592b176bede8.jpg,40002,United Kingdom
f301ba24ca10de89.jpg,40979,France
ffa7669f23dca0c1.jpg,2417,Italy
ff5bf4b8036b80e9.jpg,37972,Canada
fc95e58d6a13f18d.jpg,6712,China
fb84e5af4ca4f2d2.jpg,10071,France
ffaee04f7bb6b00c.jpg,15895,Argentina
fd52fba37a1b3005.jpg,18012,United States
fdf6047dd9fbe8b1.jpg,26717,Spain
fac4e857eeaa2a67.jpg,27532,France
fdc24a2e4fa6e38b.jpg,167918,Poland
fe9f43347ceb8f88.jpg,87083,Germany
feb17c5479b417b7.jpg,88231,Germany
fdbd31425615f142.jpg,91505,Italy
fe67255a56d851f7.jpg,102416,Netherlands
fe3932b6e921a6a9.jpg,137113,Russia
fe8047733989a9fe.jpg,127434,Belgium
ffe501c60214da53.jpg,59586,United States
fa20fdfe827a1606.jpg,69758,Ukraine
fcfa9bfc2388e101.jpg,87404,United Kingdom
f8c46d5078212f27.jpg,2559,France
fe6cd435f77227ea.jpg,31075,Italy
f5450189e81cc479.jpg,32634,Japan
fa857a986e84d92c.jpg,39799,United States
fba26a8c312fc7b3.jpg,40409,Ukraine
fbb18889992453fc.jpg,168342,Germany
fd85a56b19bfd8cd.jpg,167506,Hungary
fe805cbcf1dfe0d3.jpg,154492,Switzerland
f2067e5fce65ae0d.jpg,170091,Germany
f78f7c0066221b6f.jpg,171044,Spain
fa53231e1f7f8360.jpg,181739,Czechia
fe9d5dd70dc2fa97.jpg,188866,France
f9018fb445f56a4f.jpg,191493,Italy
f159af2dc7055ad9.jpg,194449,Austria
f4b58bd694f50481.jpg,167942,United States
fe302f4118cf56b9.jpg,125015,Russia
fd50172b82b42840.jpg,112115,Spain
faf302f2c31400d7.jpg,148292,United Kingdom
fde4c11f0f9db395.jpg,134939,Czechia
f8df953dd0d65d37.jpg,72029,India
f9860cf11d570545.jpg,68740,Japan
fea30a16873af9d7.jpg,56904,Latvia
fa0e3693c5520249.jpg,55577,United States
fe2871c019b0e332.jpg,54449,Germany
fdd1114e5c654920.jpg,103963,United Kingdom
fdc68d61d0273c46.jpg,1104,China
f8f7c0196807be30.jpg,44119,Germany
ff12b1b1732fb33e.jpg,104691,United Kingdom
fd0af2a3a1ef5da0.jpg,180111,Czechia
fcced680fb19a7f8.jpg,177682,Canada
f71bcbd9728e5cf4.jpg,188108,Iran
ff8bdc44d05b6f8b.jpg,120343,Germany
f52ff873c8c3f44f.jpg,126906,United Kingdom
f9c21caf80a4ea9f.jpg,147513,United Kingdom
fd7804a98bdca221.jpg,140590,Italy
fc610f2185b4fe73.jpg,130864,Croatia
fe1a9a22fcedc8c1.jpg,132570,Czechia
ffd22d1e3977729a.jpg,58389,Germany
f23c84432398e600.jpg,71702,United Kingdom
fb9bf217e6672549.jpg,97654,France
fbac58811264dcb6.jpg,4455,Mongolia
fc7a8ae3cd8835e7.jpg,12647,Spain
ff79e2f7ee96ab57.jpg,16963,Italy
fb881b5bed3cca64.jpg,18751,United States
ff3a6789d2d350bd.jpg,27213,Austria
feca70ceeec2c419.jpg,28444,France
f9b58f4905e0774e.jpg,30112,France
fd528fb34cdff186.jpg,40652,Spain
fc7773d5c45e2060.jpg,40981,Belgium
fcbc7ee47db4b06a.jpg,165751,Germany
fa7294e78eb63892.jpg,168466,Austria
ff04c9ecf01e4624.jpg,178271,France
fd3c9c6784ed65f8.jpg,182537,France
faac44ab42c7e0e7.jpg,197631,Lebanon
ff9de9b18a512d0f.jpg,202106,Peru
fc77dbb33174f711.jpg,109014,Poland
fe469e9491e332d8.jpg,118783,United Kingdom
fbce6d5f93001d56.jpg,110224,United States
feebf0ec8da7ac78.jpg,124836,Australia
fd02942f4e87bd8f.jpg,75222,France
fdeea612b86f1bcb.jpg,63847,Ireland
fdc4bc142f174f36.jpg,53909,Germany
ffcfe128b7a1d52c.jpg,90071,France
f83e0fd063953e6d.jpg,85001,Germany
f437ddfbce5a1db5.jpg,81581,Germany
fa5470b2fd263115.jpg,10763,Netherlands
fc28dc889062afa9.jpg,5785,United States
f986a77861b6b52c.jpg,2310,France
fabb7770eb374a9d.jpg,951,Germany
fe6cc5f8972ad75b.jpg,29226,Russia
fd52f4eec38ac1a4.jpg,25747,Poland
f877b82938c635d9.jpg,155329,China
fd43ba50ff77abe6.jpg,181130,Germany
fe96c96c9a86939b.jpg,187882,Belarus
fe7d668b86a9f37e.jpg,186221,Spain
fe273b435a4a2452.jpg,182683,Russia
fcb393c56bf31517.jpg,115305,Czechia
ff4879b6f673ceb5.jpg,111675,Germany
fc1493289434c397.jpg,145447,Japan
fdb8ece20eb2978d.jpg,126133,Romania
f9069cad2b82a4cf.jpg,132715,Poland
fc751b5a6f4e80a9.jpg,79518,Spain
eb5e021f65a685b8.jpg,71093,United Kingdom
febc508d4db8d7d8.jpg,87935,Poland
fcb68d6ace413a7d.jpg,87982,Germany
fa6c0d95b9627858.jpg,92377,United Kingdom
ff05ab2a539b3109.jpg,96817,Austria
f903c5532f000583.jpg,19402,United States
f3059f16d10528c8.jpg,2653,Ukraine
fea4bb1bfb8a0a6f.jpg,2451,South Africa
fcb6b3546dd34f39.jpg,53820,France
fc4e67b55e04309d.jpg,59612,Poland
fe2adf075c0a5a81.jpg,168263,Turkey
fc337fc500e1d3cd.jpg,171807,United Arab Emirates
f72e215c962b72ae.jpg,171061,Netherlands
fdc506d7fb759136.jpg,154880,Spain
f752f9a51d459e5e.jpg,193738,Spain
f6427b4ce6ae9fdc.jpg,190106,United States
f2fe8958bfdd0e83.jpg,152557,United Kingdom
fa036d0ba4701b95.jpg,133011,Italy
fa28b17e105587db.jpg,127535,Poland
fe60ea7ae8b37bc0.jpg,134872,United States
ffd59f2732ece9b8.jpg,126547,France
f7f1ba59d0e40e92.jpg,143174,France
f2a308a8b2e98fb3.jpg,136991,France
f79f24001047073a.jpg,81015,United States
fdd99e434537d062.jpg,89259,Poland
fc435920396134c2.jpg,106151,Germany
fff87db20fdee2aa.jpg,101718,Italy
f9328a052398b4f5.jpg,52686,Netherlands
f7fe9ffb9999d561.jpg,48385,France
f75d40b0adb6db8a.jpg,17960,Netherlands
f6a7db79ffe889bc.jpg,10839,Poland
fe78f2a4d2762457.jpg,6493,Poland
f9bdb93c7dfa5e9d.jpg,5156,United Kingdom
fcc76124744d789d.jpg,47147,United Kingdom
ff41c41157f819db.jpg,46774,China
f8937b3c68acdfcf.jpg,40204,France
fb1d6b4c65e64427.jpg,36419,United Kingdom
f0609752a062271e.jpg,33658,Russia
fb219c540e708ca9.jpg,109808,France
fc756c267d45a139.jpg,174563,Netherlands
fc2b442125906a1b.jpg,164962,Spain
f25efb4eb6ec2e26.jpg,163540,Egypt
fcba87f2be43d558.jpg,183843,United States
ff00b6a67d3f1335.jpg,185182,Poland
fecd460a32db16cc.jpg,200101,Russia
fdeeb22b9776f19e.jpg,197510,Sweden
ff0e98ca55a46e35.jpg,194043,Italy
fccfa53cea3e2270.jpg,192334,Italy
ff72a3fb4852b287.jpg,126290,United Kingdom
ff91de004d1d1be6.jpg,115418,Sweden
ff5da7e187c2fe06.jpg,146294,United Kingdom
fc2a5303c426e608.jpg,141113,Japan
fc93b263b9e8132b.jpg,65986,China
f958ca86b7e0d5ba.jpg,59392,Morocco
f9f7fa9e66159915.jpg,69138,Germany
fad5d57ac28479ac.jpg,52037,Czechia
f87e82d4facf2299.jpg,94332,United Kingdom
f978ae407c80f56b.jpg,84966,France
fb6f11ffd608056b.jpg,51266,France
fa632b15223648db.jpg,22511,Netherlands
ffa029d9d3b2220c.jpg,14197,Egypt
f96cc493129f1686.jpg,51192,Netherlands
fe4ebe5780996bb8.jpg,35535,United Kingdom
ffbdcae165c226e5.jpg,34964,Israel
fc99ab92feeb9ae2.jpg,31546,Spain
fd8e71d33672517e.jpg,162552,Norway
fd032fc8d8172236.jpg,177423,Japan
fb27106bffa1821f.jpg,196103,Turkey
ff1fd0d2ba6425fd.jpg,151652,Greece
fcf12e0418929e8d.jpg,124430,Ukraine
fe7ed1fda5908e5b.jpg,124292,France
ff6419e3ab23e8b0.jpg,109392,Italy
fdd6b79091cb13be.jpg,105162,Ukraine
fef34f8ec5085be7.jpg,104322,Italy
f6c4b71a67930be4.jpg,103158,Argentina
ffc95f623c21fda7.jpg,133191,Austria
f4c45eba26b6c01f.jpg,132184,Hungary
fe2a602e619dc10d.jpg,57290,Germany
f84ee6705d1c1ca2.jpg,48983,Germany
fc45f26ff1fcf84c.jpg,78248,United States
f95fd9887db57dbd.jpg,20408,France
fbda1f6819c9b1c2.jpg,17279,Spain
f9453cdd798453a5.jpg,6812,Portugal
fc929704a4bfcfd8.jpg,5268,United Kingdom
fedca1c77e0c76af.jpg,689,Spain
fd1bcb558e559469.jpg,17994,Austria
ff41f7b6dbbdaa2f.jpg,26266,Spain
ff320d667e432a45.jpg,28619,Romania
fe29d51cc568e637.jpg,26195,Russia
ff5500aec41651b9.jpg,85910,Poland
fdf77be14fb1a38e.jpg,167764,Spain
f4f695abf15ac315.jpg,158663,Canada
ffc8ade0bcc97d61.jpg,149447,Ukraine
fdc3e25a651c3e65.jpg,146145,Poland
ffda2a23ff433d03.jpg,171140,Italy
f9037517bbf0a64b.jpg,201526,Netherlands
fabc5a8704d937b9.jpg,193419,France
fc59fd21746aab37.jpg,142387,Germany
ffbfce0e02b0f592.jpg,101138,Netherlands
fff2353b13954f13.jpg,99003,United States
fe714d9bea7ef9cc.jpg,97345,Netherlands
f702edd8d48fae77.jpg,89530,Portugal
fc86ef7c9502c84a.jpg,97306,Germany
fffb761dbf2800df.jpg,127664,India
fda1256dda2219d0.jpg,131042,Czechia
fd45f600fe39bf1f.jpg,128666,United Kingdom
fa07dcbc2a3b3788.jpg,127346,Belarus
fbb809103acfe3c8.jpg,73328,Portugal
f7d55080899ab199.jpg,71003,United States
ff829f575ef16e8a.jpg,62302,Sweden
f2777c062113294f.jpg,64122,United Kingdom
fa150e9abb13d595.jpg,51862,Italy
fa4fc5c631a1b24b.jpg,108404,United States
f6acbd9196f5b1f8.jpg,106128,Jordan
ef2fb1dc5b27840b.jpg,105961,United States
feeb83bb3ecfc2a5.jpg,75655,France
fbd470e08b7e827e.jpg,51639,Colombia
fe1a5ed304505d3c.jpg,22761,Colombia
f499b13ee849bf57.jpg,21327,United States
fde467af15c21094.jpg,10575,Poland
fd4abed5b1ab2ff6.jpg,813,France
fe3695e34a05ab07.jpg,25622,France
fa8f11d071e70185.jpg,41720,United Kingdom
f0c79f3728b1fea7.jpg,36275,Germany
f9e6da20532b2110.jpg,33078,Namibia
f7fb802424870e96.jpg,171626,France
f575c24f7f88679a.jpg,181947,Germany
f10ab7d44f04556c.jpg,182693,Russia
ff16759d989704f3.jpg,193560,United States
ff632f780c7606ae.jpg,200785,Sweden
ff3bac47c20aa03d.jpg,181345,United Kingdom
fa7d469fea528e9d.jpg,121385,France
f79976b03cb5aaa2.jpg,120462,United Kingdom
efacdc1cfe072c73.jpg,119877,United States
f87fb33f2f27ab67.jpg,130183,China
feecdf8ff9c04f8b.jpg,157070,Georgia
fbcf9333df6ab155.jpg,67538,Austria
ff4a5c87c048d940.jpg,90175,Canada
fa028c894b2b1530.jpg,85658,United States
fe7750dcdb4caff6.jpg,5127,Israel
ef54e10eee01d79b.jpg,7409,Denmark
fe6aa0b00d9adfd9.jpg,5501,Croatia
fcf332e82b2c01cb.jpg,4728,Spain
fee8177c3e0194f9.jpg,854,Russia
ffe9ed1bc2087430.jpg,98523,United States
ff46779e380b67c2.jpg,26907,Germany
f73246e6a3bdd5b4.jpg,48632,Italy
f63443f4158aea6a.jpg,33673,Italy
f177089aad5aae2f.jpg,29496,Germany
ff6fa0bfc207acdd.jpg,182746,Netherlands
fe7390b1b71bd595.jpg,177780,United Kingdom
ff427d1c509d7b9a.jpg,169231,Ireland
fc60834345efb35a.jpg,165053,Germany
ffcc17e9e3ed8be8.jpg,197699,Azerbaijan
f66b13c8a372e951.jpg,184757,Netherlands
ff54739bc94aa07b.jpg,189218,United States
f5eeb96210469583.jpg,187139,Romania
fa666452380898ff.jpg,133470,Switzerland
fdcaeeef714db71d.jpg,129741,Spain
ff60a5047ec156fb.jpg,117808,United Kingdom
f9c25ff9e05ea908.jpg,101212,China
f39c9033f2d5a0df.jpg,134657,Japan
f48ca5529c244373.jpg,155981,United Kingdom
fed8822a71ebd579.jpg,139785,Germany
fdfd7cfa58a62f09.jpg,138473,Bulgaria
f9d8e75f6fa55f29.jpg,138383,Abkhazia
ff6b47da43342df8.jpg,145925,France
fb99b781a80c3a4e.jpg,99931,Italy
ffc2b5ea0f4b7898.jpg,25307,United States
fb15870bcddc823c.jpg,18562,United Kingdom
fc223bc41738e893.jpg,3583,Netherlands
f8146b998e724275.jpg,178544,United States
fa1f3c67344082d7.jpg,177986,Denmark
ff2bd6ad54465944.jpg,174763,Singapore
ec215be0a056110b.jpg,170033,United Kingdom
fbfe422d8a74af96.jpg,161479,France
fc84e1b1fd6354a2.jpg,185274,France
fbf6fc564e85c5f7.jpg,159127,Brazil
f93b5b5775927c16.jpg,115482,Italy
fcd74eb1eebb7b2e.jpg,140564,United Kingdom
fa0f489f89f4f64c.jpg,73122,Canada
ffe2b06f493f5c87.jpg,51418,Germany
f66b0c6fe61e3328.jpg,57610,Brazil
ecbed759c8d19700.jpg,84096,United States
feddbe23452f138a.jpg,77382,Italy
faebe252319e7730.jpg,75501,Germany
fd0eb4b179765f7d.jpg,50271,Spain
f4ecafdc57f84e91.jpg,4822,United Kingdom
fdedbc6d57c0ec79.jpg,139,Germany
f4f65576139c9767.jpg,22170,Canada
f12764eea60da138.jpg,44201,United Kingdom
fc9c42cb8a63bb03.jpg,41768,Spain
f9bcafa572996946.jpg,27945,United Kingdom
ffd3a9ed55b20d65.jpg,167266,Cambodia
f7612fee360a2a20.jpg,161294,United Kingdom
fa7e27bfd2760a5b.jpg,154694,Germany
ff1ab43525ec007c.jpg,96403,Greece
f91bc1e080505a17.jpg,202351,Italy
f9ae7e74a4ffe58a.jpg,117283,Taiwan
f9b1857b96116c7c.jpg,115702,France
fe5f019d197ef702.jpg,104762,Germany
ff6fe7ce459ffbf1.jpg,96667,Netherlands
fbc2be3ede2c59e7.jpg,124998,United States
e6a17aa4d113f385.jpg,111739,Latvia
fd27546cfa7e5f54.jpg,133002,Germany
fa7c9008be86183d.jpg,129770,Canada
f674694c47a191d5.jpg,62533,Italy
f7c9799414715090.jpg,49488,Italy
fe99df52a4a63d63.jpg,12693,United Kingdom
ff78e698ca089586.jpg,4417,Hungary
fab352c5a2d7f02e.jpg,15518,Italy
fff7bddac8114e5c.jpg,35949,Poland
fd8e1ce4b3005870.jpg,185634,United Kingdom
e7907246055b0533.jpg,91110,United States
fe285589ece4204a.jpg,149957,United States
fbc92c83be7033f4.jpg,176878,Norway
ffa61f5d4df93adc.jpg,167913,Russia
feee938e93bef066.jpg,200219,China
faebf24e313b23d9.jpg,121647,Singapore
fe12ba01832ee5e2.jpg,116293,France
ffc36153d179d170.jpg,112619,Sweden
feee6e0eab75aec1.jpg,106147,Czechia
f3ffdce15bde06c8.jpg,105812,Spain
efed438f85f2cd1d.jpg,147592,Russia
eebd9fa5d2cfc472.jpg,142714,Taiwan
fcf6d7cf5be9bf99.jpg,138360,Netherlands
f910691623eb7d89.jpg,131054,Slovakia
ffae2b40276b1818.jpg,130283,France
fad640ab983cd2f6.jpg,72878,Russia
ff7c72e726e87f2c.jpg,80929,Germany
f7382c3239f589d1.jpg,67218,Germany
ff0bc839d0e3f39d.jpg,102277,France
ff056c773d588477.jpg,101797,Belarus
ecdc5bd8354fef5f.jpg,100344,United Kingdom
fe367394ce03eeff.jpg,91136,Norway
fdc5c307eb3f003f.jpg,87237,Netherlands
f671c201a3ed994d.jpg,59175,North Macedonia
fea2ea90593f0d7c.jpg,7618,Germany
fbcdf72c39a7ef4b.jpg,104632,Finland
efd638199f25a633.jpg,43371,Spain
ff9cace20f160657.jpg,42177,Netherlands
ff622b9c03610b0e.jpg,36586,United States
fbb4f8659fe37b10.jpg,32749,Germany
fbf31fe0c4813863.jpg,177380,India
f4e67f2321e539a7.jpg,170338,United Kingdom
fc51e332910b20a2.jpg,167290,Japan
fc670f3bce37d7de.jpg,158713,United States
fdde132732d7faa0.jpg,105505,Germany
f4e56c8478ced97c.jpg,201559,France
fe95c55b71924ab4.jpg,201440,Austria
e8c47c14f127aadc.jpg,194265,China
feb0a388210bbe5d.jpg,180341,United Kingdom
ffde3215d3f31dd5.jpg,180238,France
f6f8f7c3c2bd4a6a.jpg,116744,Greece
fd69d68477ddc49f.jpg,108328,Russia
ff0cc710646bd47e.jpg,124587,Lithuania
f90ef9c54537abe0.jpg,141303,Egypt
fadc56229a55142e.jpg,133738,Bahamas
ff32d62b5bfeb20f.jpg,127738,Germany
ef4c53613fc0545b.jpg,69301,Tunisia
fa8891207bb5a48c.jpg,62096,Russia
fb56cb865726670d.jpg,47793,Germany
fa92def3f4fea3a9.jpg,58533,Argentina
fc1b5461699d8f7f.jpg,94931,Russia
f5ec99eba473b2fa.jpg,84212,Russia
f7674efd3725c1e3.jpg,94516,Croatia
f4ad4b26d7099e90.jpg,83796,El Salvador
fe606bbdd59c8468.jpg,78765,Italy
fab8f04a9d593ff2.jpg,11012,Bosnia and Herzegovina
f693fce1d011133f.jpg,43018,China
f635fd2c80c27c4a.jpg,31180,United Kingdom
f43f2ab0f6a80461.jpg,30656,Japan
ff47cdb0c5b378d0.jpg,164996,United States
fb7ac1402871c969.jpg,162072,Georgia
fc7ffa3cc69d0594.jpg,153775,Mexico
f84737b3380e1493.jpg,96421,Poland
fdfdf449cb8a936d.jpg,199890,Denmark
fd283014274c4512.jpg,189609,Australia
fd59436dee4049fb.jpg,111598,Italy
ff18f4d55f05d4d4.jpg,99059,Italy
fac01ba125366ec2.jpg,140777,Latvia
f6f8012470198e33.jpg,138820,Italy
fd5050f7f866e035.jpg,133893,Brazil
ff9fefad74412951.jpg,66249,United Kingdom
fd26f0ecf33e5637.jpg,65882,France
ff7b24cc4bf75ebb.jpg,65150,Poland
ffc445c9be27539c.jpg,75579,Ireland
f7d12848f6a7f401.jpg,94624,Canada
fd2880bda93fb872.jpg,87485,Brazil
fa94224cc7deb61c.jpg,80286,France
fd57cef3744b5a26.jpg,10116,Pakistan
f88eb5f84d9b0200.jpg,17174,Russia
ecd54a57c81b1ee6.jpg,23165,Philippines
f37139419e104607.jpg,45590,Russia
fcbf1a2cbf4803ff.jpg,44452,Italy
f77906a838de1eba.jpg,33042,Thailand
fca14b1c9ac9c204.jpg,30059,France
fe91f961c077fac2.jpg,182977,Austria
fafbfb8118f98474.jpg,184501,Germany
f96e78bac14ed2a3.jpg,200402,Russia
fd33c5c2e4e2aa6e.jpg,197020,France
f7037b1300d11937.jpg,192188,United States
f5c3b5c54eef2f2a.jpg,188234,Spain
f67be70ede67b276.jpg,151124,Spain
f3ff24b4b2537293.jpg,115213,Russia
ff1eebb190d6a35c.jpg,107034,Brazil
fe05b1f0cee7bcaa.jpg,130004,United States
ffbf3a46bf69c197.jpg,148310,France
fdce11ecd3de9c8b.jpg,140386,South Korea
fbb59c8834b43f60.jpg,139243,Russia
f64f3357d55dd355.jpg,138476,France
fa7fe0ad888f56b8.jpg,138692,United States
fd207e368256f28f.jpg,138999,Netherlands
fb467e16dc7028c6.jpg,82535,Italy
fd9377c0601bfda4.jpg,82225,Poland
f3185be7f4c18212.jpg,74876,Germany
fcd3d2eaa91ec690.jpg,63579,Austria
fa1b27aeed683301.jpg,109406,United Kingdom
f7db182c343407a7.jpg,98008,Brazil
fdc0176b7625e020.jpg,63498,Germany
fcde3322dcc8e820.jpg,16001,United Kingdom
f164f090ba42a8f1.jpg,17360,Hungary
fe9e910351ec5cb0.jpg,10450,Italy
fc7cb49b4d8a4e05.jpg,7357,China
fcf8f0348e9f0ee3.jpg,59471,Spain
f931f1c1a9e4db2e.jpg,52029,United Kingdom
fddaf0cd28982f58.jpg,58768,Switzerland
ff874c7a21b556c1.jpg,58642,Poland
ff84a0affffc67aa.jpg,54459,China
ff8c2acb57d6e6f5.jpg,53831,Ukraine
e66ee6454544b290.jpg,40420,Peru
f6eb2e3302d38b51.jpg,178698,United Kingdom
ffc553e0570aae59.jpg,173022,United Kingdom
f938968458095783.jpg,164063,Switzerland
f633139fcfcfa811.jpg,186286,Czechia
fe5c0998186a409b.jpg,190074,France
f2a235084c1ec1e0.jpg,186728,United States
f2a9307135ca74e0.jpg,133843,Czechia
fe0ccb29cd28c789.jpg,122171,Germany
fb208fbffb67fd96.jpg,147974,Czechia
fc2a8d0c481f7f9b.jpg,157352,Germany
ff5fabea41cf270c.jpg,150668,Czechia
fab60f105a87ad3c.jpg,146872,Germany
ff928dc670ff7554.jpg,137662,Germany
feb318d819b25d47.jpg,146480,Germany
ffd4dfe3d5ef3d1b.jpg,146675,Italy
fbf481204b41ccc6.jpg,53001,United States
fd463bbe070ff910.jpg,49962,Belarus
f197408462226df4.jpg,46515,Czechia
ff653e2ac225715b.jpg,45304,Ukraine
ff7f3bdef57de315.jpg,85252,Israel
f18ab9050c9b91df.jpg,78165,Switzerland
ffa8e0c867cd965e.jpg,77732,Spain
fc0be21edc260ab6.jpg,70404,Germany
fb84551bef2682f8.jpg,70045,United States
ffd1e5f79c02887e.jpg,69172,Spain
f55ec0b8565cd3e3.jpg,17665,Germany
fab86c9d2c93c44b.jpg,16970,Germany
f83a759addad1271.jpg,11862,Russia
ff280139a29b2d0b.jpg,3485,United Kingdom
fd69e616dad921bc.jpg,36264,Spain
fea5c9c2f69c6825.jpg,38111,Taiwan
fef03f8d225c5fe6.jpg,36972,Belgium
fd73c097c402f870.jpg,35933,Japan
f47c6c166cfa959c.jpg,26781,India
fd222e33c090dbc4.jpg,25222,Russia
ff7af14439aa26ed.jpg,169384,Spain
fb39644b4139cd28.jpg,167129,Switzerland
fffaeff6c01243b6.jpg,148295,Czechia
fcf5e9ed5b1871e0.jpg,202596,France
ff6850fcf30b29f8.jpg,193745,Italy
ffe4ed4e1f358038.jpg,174351,Italy
fcfdc9210e19aeea.jpg,181764,Poland
ec8cc6e1cd4f0f2e.jpg,96525,United Kingdom
fccf7c2a2b8f088f.jpg,92690,Russia
fe782ea56adda8b0.jpg,142016,Turkey
fe6d1e8de9db1377.jpg,134210,United Kingdom
fb5a1f6948ec4381.jpg,69841,Egypt
fae7e11044f48cea.jpg,64696,France
fffca104925173da.jpg,57630,Canada
f92f93ee8072ef04.jpg,55036,France
ec727ab6bbc5c40a.jpg,92444,Greece
fbc50dbabb2ee8cb.jpg,90748,Germany
fda17424ca36b0ba.jpg,89596,Germany
fff8220cabe96c7e.jpg,87381,Czechia
f81a7e1e6d43952f.jpg,17415,Germany
ff512045405d21bb.jpg,16277,Italy
fb3ad1fe4346c387.jpg,22601,Czechia
fab1c32beeeda70c.jpg,5942,United States
f81b438802b7c7f5.jpg,3802,France
f1aea26bbbfb0b96.jpg,2462,United States
fe3d3b4893d9d832.jpg,94670,France
ff6cb5da115f8796.jpg,34971,United States
f982e0fceea1cb16.jpg,34328,Italy
fc4b4f0bd13347c9.jpg,29267,Austria
ec5675f511f6d287.jpg,95356,United States
fb206ae2f1cd9df9.jpg,166144,Switzerland
fad4fcd547dd2b06.jpg,155582,United Kingdom
fae71e060d1517c7.jpg,171525,Poland
fd540194b12e75af.jpg,199626,Japan
d06aa1a9c9f05eb4.jpg,196668,Canada
ffcf1cc498332806.jpg,187875,Spain
f77252a9ac9456df.jpg,187057,United Kingdom
ffe9b571530189e1.jpg,186987,United Kingdom
ff01c28efd3597ea.jpg,173495,Egypt
f87af14e4ad51dc1.jpg,146626,United States
ffc0cbf9b8545c41.jpg,111595,Poland
fc8ca76ace3a1e03.jpg,99872,France
fe86b77cae8dbd14.jpg,99035,Latvia
f5d929721f8b6453.jpg,137229,France
f98cb6d682af6c0f.jpg,131696,Thailand
fae13dd6ffee020a.jpg,126244,Italy
fb394ff60819e468.jpg,128709,United Kingdom
f8ebae7258026155.jpg,70967,France
ffa88954f487a52f.jpg,77427,Germany
f73eda2e479e5dee.jpg,76502,Spain
f7e70675eb7eadfd.jpg,50581,United Kingdom
fe77ca793537f7b5.jpg,89702,Poland
f30a10cdc29ecddb.jpg,85327,Bosnia and Herzegovina
f7548fc8fa910480.jpg,82145,Netherlands
fe7aa1b9262dacbd.jpg,17848,United States
ecef284071f172c1.jpg,9771,Belgium
fd8b7498e7d2b0ea.jpg,8009,United States
fbb2c73d2cc9e57c.jpg,109531,Sweden
f938a25a71383e48.jpg,2776,Russia
fba98ac2828c3158.jpg,23578,Italy
f758994005aa9495.jpg,38564,Brazil
f9d0359af9158a72.jpg,179341,Kazakhstan
f93e7fec5edf674a.jpg,161261,Netherlands
ff11947e811251d6.jpg,160446,Japan
fb34902a0d2d7a5e.jpg,159300,Italy
fde85e16954bbb20.jpg,196337,Mexico
ff67e9fa953d3579.jpg,192524,France
fede58a063e91af9.jpg,190400,Ethiopia
f6acdc97105ffd9b.jpg,186094,Russia
f2cf90450171722d.jpg,184452,Germany
ffd8be5905d86f90.jpg,127628,China
f290ccfb117cfd01.jpg,121011,Poland
fc9c7760b698bb01.jpg,139324,Germany
fe963f22d7c03709.jpg,143690,Portugal
f874d58f751b93f0.jpg,72761,Italy
f813aa8d69233ec4.jpg,72941,Italy
fe06dfc0fb80f80d.jpg,68857,Italy
fa0a7cd87ec7ba3e.jpg,65312,United Kingdom
fc90dba8d0f84837.jpg,67983,Russia
f84f9aa05d2b9338.jpg,94081,Portugal
fc80254d95adc313.jpg,89229,United Kingdom
fb73bd1b32df552f.jpg,95132,Germany
d84005df441dd6b7.jpg,59200,Germany
ebd63869e8c996b8.jpg,78006,Germany
fdf704a37543f5c4.jpg,79499,Germany
febbab257fe68901.jpg,80592,France
f9c986676d84db28.jpg,59284,United States
fe79e8adcb57fcfd.jpg,27791,United Kingdom
ff0795e750434520.jpg,30239,United States
f5e9cf3d700161f1.jpg,15996,India
f1fa652d161fa027.jpg,12016,Canada
feeb7b20c186bbfd.jpg,13020,Ireland
fc618c970a916ae0.jpg,32807,Turkey
fbb6e01c4fc375ab.jpg,51427,Russia
f83eb9e336bbb56f.jpg,56978,Ireland
fbadf82bad5be540.jpg,49282,Australia
f54f74fc936fb271.jpg,37723,Brazil
fb9bfc3ce1fb1423.jpg,39844,Sweden
ffc816f3391d6e3b.jpg,96349,Netherlands
e2fec03b5bc4e1bb.jpg,170716,United States
f2d7a1cd9ae4cd6e.jpg,160237,Russia
fe18de53b61c7336.jpg,161688,Russia
fdf1c34cd4ae4940.jpg,161939,United States
fe183371610e03fe.jpg,200642,Spain
fdd0b28b3d846e82.jpg,200995,Slovakia
ef45f2bb8aabc3ac.jpg,99598,Germany
f69ed06c1ac8686b.jpg,179353,Czechia
fe9db57ed1a3a59f.jpg,187734,Argentina
fd8c465a8f27edb7.jpg,109349,Chile
f4bfc7be64b01237.jpg,119328,France
fd5b1fd79544c744.jpg,119792,Sweden
fea571b21c1192d6.jpg,120504,United Kingdom
fc8abbdb31c4461d.jpg,109599,France
feef922be3d6d350.jpg,101502,France
f6ec8c60d0d2b24a.jpg,107888,France
fa1d2d169e333149.jpg,102944,Hungary
f807d92e5021eac7.jpg,132397,France
fec26cc3f3af28c1.jpg,145897,Germany
f8ad2bb56c93d1df.jpg,135891,Bulgaria
eab92f2edf955371.jpg,67013,Portugal
fe83148d5fe07140.jpg,101425,United States
ffc42c6716568281.jpg,95538,United Kingdom
fd887652f98e907c.jpg,22418,United States
fce6d294299f52c3.jpg,15100,Spain
fb4cfff12a036851.jpg,9388,Russia
f5e0228b1fe52401.jpg,27729,Italy
faa621161fbd9943.jpg,52554,United Kingdom
fd8ef87ad8fa3ad9.jpg,51159,Netherlands
ff1a73b19cc0c2d7.jpg,40809,Germany
f937e477ad538497.jpg,37040,France
f3876d3d2202375d.jpg,29341,Belgium
fe87674f9428d2ea.jpg,181261,Poland
ead0d399b274fbaa.jpg,178451,Romania
fb78a811513418c0.jpg,173986,United Kingdom
f3ada42c7ad21732.jpg,171067,Germany
f482b91701fd3433.jpg,166498,Germany
fb1baf20bb9f90db.jpg,165595,Russia
fbfa0cc61a1a4da2.jpg,165138,Italy
f7a57a7f50137c24.jpg,164353,United Kingdom
eecef4613c48aac7.jpg,179457,Italy
f6e460ba19d977cd.jpg,180042,Italy
f9e118b1304cc537.jpg,105233,Germany
fe2e520bde686a87.jpg,202307,United Kingdom
fb1fef1525e882d7.jpg,200548,Germany
fcfe744aba998c8f.jpg,192201,China
f964c6fbf988d2ac.jpg,184883,United Kingdom
ff8b55a161906da3.jpg,166269,Poland
f276ce5de635f4e6.jpg,126671,Canada
f86ad06f2b97be94.jpg,124359,Thailand
fa8a91ae67899b3e.jpg,121540,Egypt
f86d8ed6e5e319f3.jpg,119780,United Kingdom
fc77b1d7c663a326.jpg,113271,Portugal
fecec79501567c47.jpg,127980,France
edc33afd8660b1b4.jpg,106676,Australia
fd143e79394883de.jpg,105646,United Kingdom
fa10c7312cbc5efb.jpg,153446,Russia
fbb01d65312de336.jpg,153396,Poland
ff1c3831fe9a8c5f.jpg,132103,Belgium
f5f318117007707c.jpg,136893,United Kingdom
e486dfaef5198f01.jpg,71730,Mexico
f2666e87665d6439.jpg,72135,United States
ffb55c0fbb13c3c0.jpg,62251,Belarus
f78464889919427a.jpg,92028,Estonia
fd6fca30f395b39b.jpg,99495,Sweden
f7aa33d7f34fe6cc.jpg,99713,France
fc4e7f92734e5c5b.jpg,90998,Spain
ed7e206052c1fc3f.jpg,82267,Guatemala
f3bc003abfa86c23.jpg,85931,United Kingdom
fa6113e354762e38.jpg,86529,United Kingdom
fb3fe450e2dca5c8.jpg,18380,Uruguay
feb63ac8e753cbe1.jpg,23106,Serbia
ff50db594f18c68b.jpg,23293,Poland
f590488f3d0def71.jpg,25226,United States
fcba62709bc18f99.jpg,2604,Cambodia
fdf65aa0d6e2b0b4.jpg,5035,France
ffa259111d8b2dc1.jpg,29410,United States
fee43a012085ad9d.jpg,48714,Spain
ff3029ac6df7d1c4.jpg,48947,Mexico
f5a9a18b2228a000.jpg,41167,Italy
fbe4f86e54750b53.jpg,38248,France
fc1d8a0aaf5a8015.jpg,103347,Romania
ed7614d5485f3533.jpg,168446,Germany
ed706a700c80a234.jpg,175325,Germany
fe85f23769646260.jpg,159636,Poland
fce15c58ffe8181b.jpg,163184,France
ec6e7aac87bd1368.jpg,182916,Russia
faae97c7112a239a.jpg,197153,Portugal
ff452f233aae1f75.jpg,199344,France
fd1686211dbc15e8.jpg,103590,Argentina
fcd4743f5f18ccbc.jpg,183227,New Zealand
fd87bed33fd6872f.jpg,188228,Italy
ef5de3a75099e948.jpg,192783,Russia
fe0a42b603cdaac2.jpg,120841,United States
f586cc9188ccaedd.jpg,121769,France
fe867831913d863a.jpg,107019,Lithuania
ff4509d0bec2891a.jpg,152502,Italy
f638d178820afd12.jpg,128818,Bolivia
fef59daedf54e9e7.jpg,153469,Poland
f4d32d31458c64d6.jpg,143808,Israel
fc5c709f29e45e1b.jpg,130284,Ukraine
fd9e5b3e972973a9.jpg,73529,Germany
ff3449db6acd0b76.jpg,71955,Poland
f3c4464aa7e24001.jpg,73971,France
fe1fb3df79b44aea.jpg,77094,Germany
f38bbf3c1f4e44e7.jpg,77586,France
fb3d2590963c05ca.jpg,70728,Guatemala
f6721f9053eeb9a3.jpg,62892,Portugal
ff227b6dbd48b3fa.jpg,63350,Italy
fead37d86e7673db.jpg,96020,Spain
fa27ea0116b26c47.jpg,99049,United States
f55bfeaf6d7c30b9.jpg,91777,Germany
fef372f8817287b5.jpg,83368,Bulgaria
fa5a3b26f0127ab0.jpg,87383,Spain
fc78724b841c1c0a.jpg,21482,Czechia
fffd81f642bd9c65.jpg,24199,Germany
f24151a5559807d2.jpg,3957,United Kingdom
ff2564778ef95a93.jpg,4435,Czechia
fde18f9b49b32d58.jpg,6429,Poland
fef2a7907d561736.jpg,43836,Switzerland
fefb7ab4e0de0581.jpg,45139,Slovakia
f898bd6e3ded05f5.jpg,49898,United States
fe9fb826c9bc9db0.jpg,29328,Ukraine
fc42ad8218d82726.jpg,34037,United States
f7a051c3af732cc2.jpg,107717,United States
f801197f34653401.jpg,170900,United States
fc0f3881e8687b0f.jpg,161722,Italy
ffd2a9bbba2b2a96.jpg,162324,Brazil
f89da4572a7d7f1f.jpg,163215,Germany
f9760efde8cbfa84.jpg,176958,Russia
fcc26676a214107d.jpg,198895,United Kingdom
fa3642eeb70d9d43.jpg,179103,Russia
f837bdfd2000873b.jpg,200774,Norway
ef9abfbaa72ada4f.jpg,201874,Bulgaria
fc4c22c8cf07a786.jpg,179550,China
fcb27074e5d3aec4.jpg,181809,Germany
fed728b8cc2b9a3e.jpg,184465,Spain
f32817132f080d84.jpg,125325,Ireland
fe6d0d25c08d3683.jpg,128039,France
fbf0c04eadeba56d.jpg,131649,France
efab81ff4b44a6f7.jpg,153943,Poland
f8669fa34766d574.jpg,112161,United Kingdom
edb4f7e373f0994c.jpg,112260,Russia
fa03a58a5d542930.jpg,116702,Italy
fea0a425aec2a49c.jpg,119503,Uganda
f8ce985e1ce01215.jpg,146776,United Kingdom
f384ad30e66f26b0.jpg,147176,Czechia
ff878d557b799a5f.jpg,147208,Germany
fa6543f69d8480bb.jpg,142981,Netherlands
f93a0c6cccd85f45.jpg,141740,Chile
fe2469fc6290016d.jpg,70338,Guatemala
f2a78d440c80a0af.jpg,70286,Belgium
f7369b76ce34f05b.jpg,75337,United Kingdom
fa3d983f0f31d635.jpg,76428,Czechia
fcc36d1f55a96303.jpg,63502,Italy
e60a8703d2bd4bb9.jpg,56582,France
fea58eb5e7cd7a0a.jpg,59330,Austria
fc21ab9866a4ecb9.jpg,59360,Switzerland
fae5ba892e431f97.jpg,93604,France
f41747c821db685c.jpg,98717,Czechia
fb7f4e115c7892d2.jpg,100982,China
fa84a81de1672f61.jpg,85261,Germany
fec79eab15ec60ec.jpg,92946,United States
f1b7df469ffb9b8a.jpg,87097,Poland
f99332cd0e52e9d9.jpg,88090,Israel
fabc4ee70173de4e.jpg,19483,Hungary
ff0dbef17cb7867c.jpg,21722,Germany
f13dfd051aa3d9f5.jpg,25174,Netherlands
fdc389335091379e.jpg,14262,United Kingdom
fe26042dcec4edd7.jpg,8325,Norway
f80d9144a0ac4251.jpg,8856,United Kingdom
f71eba26b8dad88f.jpg,11543,Italy
ff95f1ef2da796f9.jpg,28947,Spain
f7e712a5674df85a.jpg,44157,United States
e599274e8d6e0417.jpg,44697,Germany
ef10013d4258f0d0.jpg,51212,Czechia
f7f6dfd73ed6835f.jpg,34394,Ireland
fcad5ab0525ebf86.jpg,30722,Mexico
f0581bca7a5838a8.jpg,32238,Czechia
fd930eca68c8d795.jpg,36334,Germany
f6067af405bfec59.jpg,175149,United Kingdom
f8afd09e05630a3c.jpg,177243,Belgium
fdbddb8e11639ce2.jpg,178295,United States
f3e8ca8971722ada.jpg,179224,Albania
f95a08378026c9f2.jpg,161480,Switzerland
fffc7e909642254a.jpg,165431,Italy
fa177f1a73c3f266.jpg,180667,Canada
fc5ae504299f1946.jpg,196309,Spain
fadf079736af457a.jpg,193381,Portugal
e89468223ff07d8c.jpg,186724,Germany
f970b0c41f93016e.jpg,189937,Italy
faee52aab4138a9d.jpg,192746,Germany
ecdd6f4a99992442.jpg,127357,Netherlands
fbf441374369df8f.jpg,128724,Italy
fc7272e4eb343c2c.jpg,120555,Hungary
efd6864974af3c1e.jpg,148976,Uzbekistan
fdb3d34ef3bb0999.jpg,149617,Russia
f6aba7410ce4917b.jpg,150336,Germany
faf9d2d231ee32c6.jpg,151731,Italy
ff8866d24ef35985.jpg,156657,China
ed7b4757ccf37aae.jpg,138248,China
df8edc7aea851389.jpg,139782,United States
f98b6f54ab7af3ed.jpg,139899,Australia
edfd31dcf1e57e78.jpg,141975,Switzerland
edf324296c1fe8be.jpg,144259,Poland
fcc7bcfa9a9c42e0.jpg,57134,Norway
fe9634ccce6967d5.jpg,53956,United Kingdom
ffbb6299722b56fa.jpg,54274,Germany
f7bb04f645a42de9.jpg,57973,Italy
f691e6bf93fa00ca.jpg,63559,Japan
fd7b05dd8a1fa513.jpg,94686,Chile
de9dd6feb4772f0c.jpg,97784,France
ebf187f64aa2ba0d.jpg,79892,United States
ff4c1e9f8ffb92ed.jpg,80274,Poland
f30eb9c5f9792ba1.jpg,81110,United States
fd87a3760dc82366.jpg,86222,United States
fb6fb38e0604d3ec.jpg,88553,Spain
fecb1c114fe8bee0.jpg,50956,United Kingdom
edccaf661f6ee4cb.jpg,39851,Austria
fd18dc9561deb76c.jpg,50054,Belize
f21bd628d7a114ba.jpg,50198,Germany
ff2dc2ab4dea7174.jpg,192007,Greece
fee9915a8c40549a.jpg,102546,Ukraine
fff86f68bc08da70.jpg,153163,France
f96da90f90eaccae.jpg,157383,Poland
fa9855333a8e0e6e.jpg,178027,United States
f198ed5c60160b67.jpg,193628,Sweden
f9bfb5ba5e8954a1.jpg,194014,Austria
f0daec52266f247e.jpg,194239,Italy
ff1e73a3339cbfe6.jpg,180082,United States
f4e3f3fbca72f40d.jpg,180376,France
f71bab22e4c747b3.jpg,180420,Czechia
ff3cb531bdae146d.jpg,149486,United Kingdom
fb4e3b41f9bb8498.jpg,115275,Italy
f3eb7b9f2e4a7db1.jpg,115930,Germany
f894350e274706d7.jpg,119514,Romania
f993cd32e5401ecb.jpg,120249,Germany
fceb8e941db942e0.jpg,127629,United Kingdom
fa56984335fd6476.jpg,140276,Germany
ff5c0075d38eb044.jpg,141480,Germany
f4c0743bd4d5ba72.jpg,145198,Germany
ff27f763d11121de.jpg,135375,Spain
fcbb220665eb9003.jpg,131080,Japan
f215be2129f56fb3.jpg,133534,Hungary
faf149201cf4d0c0.jpg,135533,Canada
fb590a5c40d4e092.jpg,104502,Czechia
fb533a7c21eb3f13.jpg,109640,Mexico
dca4a16564b19049.jpg,109832,United States
f873b00145b8a2f3.jpg,103413,Sweden
fd2e39f768bb5617.jpg,102417,Austria
e3ad0061b3527f62.jpg,98068,United Kingdom
fc2f980dc1cdbf43.jpg,111196,Netherlands
fed071eb4d13ba1d.jpg,118494,France
faf3620086278d28.jpg,118311,Germany
ff483edfc25ff4bc.jpg,120954,France
fde7ced83d1dd1bb.jpg,117123,United States
f2e582d2efc29a87.jpg,115574,Italy
fe6078127025ae2c.jpg,115146,Israel
ffd48d2b9c8976b7.jpg,114838,Czechia
ff8e531e91ade525.jpg,77222,China
f12ec09b190a4b74.jpg,72965,Portugal
f208d7ad33918ed1.jpg,71978,Spain
fe89631e6e2391e7.jpg,71426,Israel
fd361802ab0285cc.jpg,83730,Italy
fe5d02dbffe386f3.jpg,89002,Canada
f734cdfd4c3b9fee.jpg,87304,Germany
f54c1e4fb0187917.jpg,179034,Russia
fe2df5c02fa17aa3.jpg,178580,Egypt
fc10dc4fa7b0b5de.jpg,175127,Spain
fc5f2fbf46b367a5.jpg,173851,South Africa
ee79ee349e595337.jpg,173148,Russia
fe5ec28e0234c5ad.jpg,184760,United States
f21b5f3cdf1907c7.jpg,201493,Czechia
fbcf6b4aff605e57.jpg,201052,Italy
f79dc5f11616c708.jpg,192584,Sweden
f866aaf3d17c7252.jpg,188184,Italy
fdbd41b68ffd0869.jpg,186325,France
f791cbfe4e2e2362.jpg,142541,Sweden
ed7c31b770f0262d.jpg,135664,Spain
ff31bfdb64573c08.jpg,163537,Netherlands
f7142418764c7a45.jpg,160852,France
ed7e1fac8ed6f119.jpg,155135,France
f843e9603fb0032f.jpg,154160,Croatia
